ema,require_trend,payout,kelly_frac,kelly_risk,trades,wins,losses,winrate,profit,roi,max_dd,profit_1h,profit_2h,wr_1h,wr_2h,validated
100,True,0.87,0.15,0.01,5939,2908,3031,0.4896,-878.99,-0.879,0.8799,-468.13,-619.92,0.4951,0.4845,False
100,True,0.85,0.15,0.01,5939,2908,3031,0.4896,-899.1,-0.8991,0.8997,-480.98,-625.19,0.4951,0.4845,False
50,True,0.87,0.15,0.01,5381,2610,2771,0.485,-906.59,-0.9066,0.9076,-547.95,-548.74,0.49,0.4802,False
100,True,0.87,0.25,0.01,5939,2908,3031,0.4896,-933.97,-0.934,0.9344,-521.54,-682.0,0.4951,0.4845,False
50,True,0.85,0.15,0.01,5381,2610,2771,0.485,-937.03,-0.937,0.938,-560.59,-570.06,0.49,0.4802,False
100,True,0.8,0.15,0.01,5939,2908,3031,0.4896,-940.78,-0.9408,0.941,-500.13,-577.8,0.4951,0.4845,False
100,True,0.87,0.35,0.01,5939,2908,3031,0.4896,-942.23,-0.9422,0.9426,-542.22,-690.84,0.4951,0.4845,False
50,True,0.87,0.25,0.01,5381,2610,2771,0.485,-943.65,-0.9436,0.9445,-587.91,-574.62,0.49,0.4802,False
100,True,0.87,0.15,0.02,5939,2908,3031,0.4896,-956.5,-0.9565,0.9568,-543.05,-693.61,0.4951,0.4845,False
50,True,0.87,0.35,0.01,5381,2610,2771,0.485,-956.51,-0.9565,0.9574,-599.77,-587.67,0.49,0.4802,False
50,True,0.8,0.15,0.01,5381,2610,2771,0.485,-961.62,-0.9616,0.9625,-544.77,-566.68,0.49,0.4802,False
100,True,0.85,0.25,0.01,5939,2908,3031,0.4896,-965.67,-0.9657,0.9659,-528.68,-700.5,0.4951,0.4845,False
150,True,0.87,0.15,0.01,6227,3026,3201,0.4859,-971.07,-0.9711,0.9713,-565.23,-626.83,0.4896,0.4826,False
200,True,0.87,0.15,0.01,6407,3117,3290,0.4865,-971.65,-0.9716,0.9719,-570.71,-628.37,0.4898,0.4833,False
50,True,0.85,0.25,0.01,5381,2610,2771,0.485,-972.81,-0.9728,0.9737,-601.04,-588.8,0.49,0.4802,False
100,True,0.85,0.15,0.02,5939,2908,3031,0.4896,-978.16,-0.9782,0.9783,-555.67,-694.21,0.4951,0.4845,False
50,True,0.85,0.35,0.01,5381,2610,2771,0.485,-979.07,-0.9791,0.9799,-607.38,-597.47,0.49,0.4802,False
100,True,0.8,0.25,0.01,5939,2908,3031,0.4896,-983.16,-0.9832,0.9832,-538.54,-619.05,0.4951,0.4845,False
100,True,0.85,0.35,0.01,5939,2908,3031,0.4896,-984.39,-0.9844,0.9845,-545.72,-715.0,0.4951,0.4845,False
100,True,0.87,0.15,0.03,5939,2908,3031,0.4896,-989.49,-0.9895,0.9896,-584.45,-714.16,0.4951,0.4845,False
100,True,0.8,0.35,0.01,5939,2908,3031,0.4896,-997.57,-0.9976,0.9976,-552.93,-635.23,0.4951,0.4845,False
50,True,0.87,0.15,0.03,5153,2501,2652,0.4853,-1000.01,-1.0,1.0,-685.69,-647.22,0.49,0.4802,False
150,True,0.8,0.15,0.03,5080,2481,2599,0.4884,-1000.01,-1.0,1.0,-711.79,-671.31,0.4896,0.4826,False
150,True,0.85,0.15,0.02,5436,2649,2787,0.4873,-1000.01,-1.0,1.0,-690.5,-695.16,0.4896,0.4826,False
150,True,0.85,0.15,0.03,5296,2584,2712,0.4879,-1000.01,-1.0,1.0,-715.2,-712.28,0.4896,0.4826,False
50,True,0.8,0.35,0.02,4202,2050,2152,0.4879,-1000.02,-1.0,1.0,-758.47,-759.81,0.49,0.4802,False
50,True,0.87,0.35,0.03,3891,1918,1973,0.4929,-1000.02,-1.0,1.0,-889.31,-871.95,0.49,0.4802,False
100,True,0.87,0.25,0.03,5064,2494,2570,0.4925,-1000.02,-1.0,1.0,-715.48,-856.31,0.4951,0.4845,False
150,True,0.85,0.25,0.01,5969,2909,3060,0.4874,-1000.02,-1.0,1.0,-611.31,-692.08,0.4896,0.4826,False
50,False,0.85,0.35,0.03,5051,2529,2522,0.5007,-1000.04,-1.0,1.0,-1000.04,-1000.79,0.5007,0.5113,False
50,False,0.87,0.35,0.02,6707,3372,3335,0.5028,-1000.04,-1.0,1.0,-1000.04,-1000.78,0.5028,0.5106,False
100,False,0.85,0.35,0.03,5051,2529,2522,0.5007,-1000.04,-1.0,1.0,-1000.04,-1000.79,0.5007,0.5113,False
100,False,0.87,0.35,0.02,6707,3372,3335,0.5028,-1000.04,-1.0,1.0,-1000.04,-1000.78,0.5028,0.5106,False
150,False,0.85,0.35,0.03,5051,2529,2522,0.5007,-1000.04,-1.0,1.0,-1000.04,-1000.79,0.5007,0.5113,False
150,False,0.87,0.35,0.02,6707,3372,3335,0.5028,-1000.04,-1.0,1.0,-1000.04,-1000.78,0.5028,0.5106,False
200,False,0.85,0.35,0.03,5051,2529,2522,0.5007,-1000.04,-1.0,1.0,-1000.04,-1000.79,0.5007,0.5113,False
200,False,0.87,0.35,0.02,6707,3372,3335,0.5028,-1000.04,-1.0,1.0,-1000.04,-1000.78,0.5028,0.5106,False
150,True,0.8,0.25,0.02,4557,2229,2328,0.4891,-1000.05,-1.0001,1.0001,-788.81,-722.83,0.4896,0.4826,False
50,False,0.85,0.15,0.01,10336,5248,5088,0.5077,-1000.06,-1.0001,1.0001,-843.15,-857.53,0.5031,0.5097,False
100,False,0.85,0.15,0.01,10336,5248,5088,0.5077,-1000.06,-1.0001,1.0001,-843.15,-857.53,0.5031,0.5097,False
150,False,0.85,0.15,0.01,10336,5248,5088,0.5077,-1000.06,-1.0001,1.0001,-843.15,-857.53,0.5031,0.5097,False
200,True,0.85,0.15,0.01,6395,3112,3283,0.4866,-1000.06,-1.0001,1.0001,-584.51,-618.1,0.4898,0.4833,False
200,True,0.85,0.25,0.01,6066,2960,3106,0.488,-1000.06,-1.0001,1.0001,-625.04,-680.74,0.4898,0.4833,False
200,False,0.85,0.15,0.01,10336,5248,5088,0.5077,-1000.06,-1.0001,1.0001,-843.15,-857.53,0.5031,0.5097,False
50,True,0.8,0.25,0.03,4190,2046,2144,0.4883,-1000.08,-1.0001,1.0001,-773.13,-738.14,0.49,0.4802,False
50,True,0.85,0.25,0.02,4571,2233,2338,0.4885,-1000.08,-1.0001,1.0001,-756.54,-739.84,0.49,0.4802,False
200,True,0.87,0.15,0.02,5453,2657,2796,0.4873,-1000.08,-1.0001,1.0001,-719.92,-684.02,0.4898,0.4833,False
50,True,0.8,0.25,0.01,5298,2571,2727,0.4853,-1000.09,-1.0001,1.0001,-590.26,-619.37,0.49,0.4802,False
50,False,0.87,0.15,0.01,12106,6150,5956,0.508,-1000.09,-1.0001,1.0001,-786.33,-832.42,0.5031,0.5097,False
100,False,0.87,0.15,0.01,12106,6150,5956,0.508,-1000.09,-1.0001,1.0001,-786.33,-832.42,0.5031,0.5097,False
150,True,0.85,0.15,0.01,6157,2994,3163,0.4863,-1000.09,-1.0001,1.0001,-595.51,-627.61,0.4896,0.4826,False
150,True,0.87,0.15,0.03,5428,2647,2781,0.4877,-1000.09,-1.0001,1.0001,-706.89,-721.42,0.4896,0.4826,False
150,False,0.87,0.15,0.01,12106,6150,5956,0.508,-1000.09,-1.0001,1.0001,-786.33,-832.42,0.5031,0.5097,False
200,False,0.87,0.15,0.01,12106,6150,5956,0.508,-1000.09,-1.0001,1.0001,-786.33,-832.42,0.5031,0.5097,False
50,False,0.8,0.35,0.03,5002,2504,2498,0.5006,-1000.1,-1.0001,1.0001,-1000.1,-1000.39,0.5006,0.5139,False
100,False,0.8,0.35,0.03,5002,2504,2498,0.5006,-1000.1,-1.0001,1.0001,-1000.1,-1000.39,0.5006,0.5139,False
150,False,0.8,0.35,0.03,5002,2504,2498,0.5006,-1000.1,-1.0001,1.0001,-1000.1,-1000.39,0.5006,0.5139,False
200,False,0.8,0.35,0.03,5002,2504,2498,0.5006,-1000.1,-1.0001,1.0001,-1000.1,-1000.39,0.5006,0.5139,False
50,False,0.8,0.15,0.01,7956,4018,3938,0.505,-1000.11,-1.0001,1.0001,-928.91,-915.95,0.5031,0.5097,False
100,False,0.8,0.15,0.01,7956,4018,3938,0.505,-1000.11,-1.0001,1.0001,-928.91,-915.95,0.5031,0.5097,False
150,False,0.8,0.15,0.01,7956,4018,3938,0.505,-1000.11,-1.0001,1.0001,-928.91,-915.95,0.5031,0.5097,False
200,False,0.8,0.15,0.01,7956,4018,3938,0.505,-1000.11,-1.0001,1.0001,-928.91,-915.95,0.5031,0.5097,False
100,True,0.8,0.25,0.03,4802,2368,2434,0.4931,-1000.12,-1.0001,1.0001,-717.35,-772.27,0.4951,0.4845,False
200,True,0.87,0.25,0.02,4827,2354,2473,0.4877,-1000.12,-1.0001,1.0001,-780.76,-823.89,0.4898,0.4833,False
100,True,0.85,0.25,0.03,5016,2473,2543,0.493,-1000.13,-1.0001,1.0001,-715.23,-855.98,0.4951,0.4845,False
200,True,0.85,0.35,0.02,4628,2267,2361,0.4898,-1000.14,-1.0001,1.0001,-818.61,-847.88,0.4898,0.4833,False
200,True,0.87,0.15,0.03,5197,2536,2661,0.488,-1000.16,-1.0002,1.0002,-759.69,-696.09,0.4898,0.4833,False
50,True,0.87,0.35,0.02,4236,2067,2169,0.488,-1000.17,-1.0002,1.0002,-803.52,-775.2,0.49,0.4802,False
200,True,0.8,0.15,0.03,4742,2312,2430,0.4876,-1000.17,-1.0002,1.0002,-763.23,-650.46,0.4898,0.4833,False
50,True,0.8,0.35,0.01,5155,2501,2654,0.4852,-1000.18,-1.0002,1.0002,-607.58,-634.36,0.49,0.4802,False
150,True,0.87,0.35,0.02,4552,2227,2325,0.4892,-1000.22,-1.0002,1.0002,-810.7,-881.71,0.4896,0.4826,False
100,True,0.85,0.35,0.03,4425,2183,2242,0.4933,-1000.23,-1.0002,1.0002,-788.37,-926.95,0.4951,0.4845,False
50,True,0.8,0.15,0.02,5117,2483,2634,0.4852,-1000.24,-1.0002,1.0002,-625.9,-604.64,0.49,0.4802,False
150,True,0.8,0.15,0.01,5870,2864,3006,0.4879,-1000.24,-1.0002,1.0002,-612.57,-584.86,0.4896,0.4826,False
150,True,0.8,0.25,0.01,5308,2588,2720,0.4876,-1000.24,-1.0002,1.0002,-675.24,-629.44,0.4896,0.4826,False
200,True,0.8,0.25,0.01,5532,2696,2836,0.4873,-1000.27,-1.0003,1.0003,-651.13,-627.85,0.4898,0.4833,False
50,False,0.8,0.35,0.02,5291,2644,2647,0.4997,-1000.28,-1.0003,1.0003,-1000.28,-1000.76,0.4997,0.5111,False
100,False,0.8,0.35,0.02,5291,2644,2647,0.4997,-1000.28,-1.0003,1.0003,-1000.28,-1000.76,0.4997,0.5111,False
150,False,0.8,0.35,0.02,5291,2644,2647,0.4997,-1000.28,-1.0003,1.0003,-1000.28,-1000.76,0.4997,0.5111,False
200,False,0.8,0.35,0.02,5291,2644,2647,0.4997,-1000.28,-1.0003,1.0003,-1000.28,-1000.76,0.4997,0.5111,False
150,True,0.87,0.15,0.02,5718,2789,2929,0.4878,-1000.3,-1.0003,1.0003,-675.82,-702.92,0.4896,0.4826,False
200,True,0.85,0.35,0.01,5889,2871,3018,0.4875,-1000.3,-1.0003,1.0003,-637.64,-697.68,0.4898,0.4833,False
50,True,0.8,0.25,0.02,4590,2240,2350,0.488,-1000.31,-1.0003,1.0003,-712.65,-706.15,0.49,0.4802,False
150,True,0.85,0.35,0.01,5904,2879,3025,0.4876,-1000.31,-1.0003,1.0003,-619.11,-708.58,0.4896,0.4826,False
50,False,0.85,0.15,0.03,9503,4841,4662,0.5094,-1000.32,-1.0003,1.0003,-920.35,-976.89,0.5031,0.5097,False
100,False,0.85,0.15,0.03,9503,4841,4662,0.5094,-1000.32,-1.0003,1.0003,-920.35,-976.89,0.5031,0.5097,False
150,False,0.85,0.15,0.03,9503,4841,4662,0.5094,-1000.32,-1.0003,1.0003,-920.35,-976.89,0.5031,0.5097,False
200,True,0.8,0.15,0.01,5611,2729,2882,0.4864,-1000.32,-1.0003,1.0003,-637.26,-589.71,0.4898,0.4833,False
200,False,0.85,0.15,0.03,9503,4841,4662,0.5094,-1000.32,-1.0003,1.0003,-920.35,-976.89,0.5031,0.5097,False
150,True,0.8,0.15,0.02,5232,2555,2677,0.4883,-1000.33,-1.0003,1.0003,-694.67,-647.84,0.4896,0.4826,False
100,True,0.8,0.15,0.03,5616,2760,2856,0.4915,-1000.36,-1.0004,1.0004,-608.46,-658.37,0.4951,0.4845,False
50,False,0.87,0.25,0.01,10809,5480,5329,0.507,-1000.37,-1.0004,1.0004,-834.09,-897.55,0.5031,0.5097,False
100,False,0.87,0.25,0.01,10809,5480,5329,0.507,-1000.37,-1.0004,1.0004,-834.09,-897.55,0.5031,0.5097,False
150,False,0.87,0.25,0.01,10809,5480,5329,0.507,-1000.37,-1.0004,1.0004,-834.09,-897.55,0.5031,0.5097,False
200,False,0.87,0.25,0.01,10809,5480,5329,0.507,-1000.37,-1.0004,1.0004,-834.09,-897.55,0.5031,0.5097,False
50,True,0.85,0.35,0.03,3859,1903,1956,0.4931,-1000.39,-1.0004,1.0004,-884.95,-860.76,0.49,0.4802,False
150,True,0.87,0.25,0.02,4688,2287,2401,0.4878,-1000.39,-1.0004,1.0004,-784.62,-825.28,0.4896,0.4826,False
200,True,0.8,0.35,0.01,5463,2661,2802,0.4871,-1000.39,-1.0004,1.0004,-655.78,-637.69,0.4898,0.4833,False
50,False,0.8,0.35,0.01,6745,3385,3360,0.5019,-1000.4,-1.0004,1.0004,-1000.4,-981.48,0.5019,0.5097,False
100,False,0.8,0.35,0.01,6745,3385,3360,0.5019,-1000.4,-1.0004,1.0004,-1000.4,-981.48,0.5019,0.5097,False
150,False,0.8,0.35,0.01,6745,3385,3360,0.5019,-1000.4,-1.0004,1.0004,-1000.4,-981.48,0.5019,0.5097,False
200,False,0.8,0.35,0.01,6745,3385,3360,0.5019,-1000.4,-1.0004,1.0004,-1000.4,-981.48,0.5019,0.5097,False
100,True,0.85,0.15,0.03,5897,2890,3007,0.4901,-1000.41,-1.0004,1.0004,-595.38,-713.36,0.4951,0.4845,False
100,True,0.85,0.25,0.02,5441,2676,2765,0.4918,-1000.41,-1.0004,1.0004,-654.02,-808.75,0.4951,0.4845,False
150,True,0.8,0.35,0.03,4033,1994,2039,0.4944,-1000.42,-1.0004,1.0004,-910.39,-834.8,0.4896,0.4826,False
150,True,0.8,0.25,0.03,4311,2120,2191,0.4918,-1000.43,-1.0004,1.0004,-845.96,-774.95,0.4896,0.4826,False
50,True,0.8,0.35,0.03,3940,1939,2001,0.4921,-1000.44,-1.0004,1.0004,-836.34,-815.68,0.49,0.4802,False
50,True,0.85,0.25,0.03,4095,2003,2092,0.4891,-1000.44,-1.0004,1.0004,-821.59,-787.53,0.49,0.4802,False
100,True,0.8,0.35,0.02,5039,2483,2556,0.4928,-1000.44,-1.0004,1.0004,-692.86,-766.77,0.4951,0.4845,False
50,False,0.87,0.35,0.03,5182,2593,2589,0.5004,-1000.45,-1.0005,1.0005,-1000.45,-1000.3,0.5004,0.5112,False
100,False,0.87,0.35,0.03,5182,2593,2589,0.5004,-1000.45,-1.0005,1.0005,-1000.45,-1000.3,0.5004,0.5112,False
150,False,0.87,0.35,0.03,5182,2593,2589,0.5004,-1000.45,-1.0005,1.0005,-1000.45,-1000.3,0.5004,0.5112,False
200,False,0.87,0.35,0.03,5182,2593,2589,0.5004,-1000.45,-1.0005,1.0005,-1000.45,-1000.3,0.5004,0.5112,False
50,True,0.85,0.35,0.02,4168,2037,2131,0.4887,-1000.47,-1.0005,1.0005,-803.59,-782.88,0.49,0.4802,False
50,False,0.87,0.15,0.03,9893,5023,4870,0.5077,-1000.47,-1.0005,1.0005,-879.85,-944.79,0.5031,0.5097,False
100,False,0.87,0.15,0.03,9893,5023,4870,0.5077,-1000.47,-1.0005,1.0005,-879.85,-944.79,0.5031,0.5097,False
150,False,0.87,0.15,0.03,9893,5023,4870,0.5077,-1000.47,-1.0005,1.0005,-879.85,-944.79,0.5031,0.5097,False
200,False,0.87,0.15,0.03,9893,5023,4870,0.5077,-1000.47,-1.0005,1.0005,-879.85,-944.79,0.5031,0.5097,False
150,True,0.8,0.35,0.02,4392,2161,2231,0.492,-1000.48,-1.0005,1.0005,-838.23,-761.06,0.4896,0.4826,False
150,True,0.85,0.25,0.02,4682,2286,2396,0.4883,-1000.48,-1.0005,1.0005,-785.85,-802.1,0.4896,0.4826,False
50,False,0.8,0.25,0.02,6211,3129,3082,0.5038,-1000.52,-1.0005,1.0005,-1000.52,-1000.87,0.5038,0.5109,False
100,True,0.8,0.15,0.02,5733,2811,2922,0.4903,-1000.52,-1.0005,1.0005,-579.94,-639.51,0.4951,0.4845,False
100,True,0.85,0.35,0.02,5004,2467,2537,0.493,-1000.52,-1.0005,1.0005,-710.39,-870.28,0.4951,0.4845,False
100,False,0.8,0.25,0.02,6211,3129,3082,0.5038,-1000.52,-1.0005,1.0005,-1000.52,-1000.87,0.5038,0.5109,False
150,False,0.8,0.25,0.02,6211,3129,3082,0.5038,-1000.52,-1.0005,1.0005,-1000.52,-1000.87,0.5038,0.5109,False
200,False,0.8,0.25,0.02,6211,3129,3082,0.5038,-1000.52,-1.0005,1.0005,-1000.52,-1000.87,0.5038,0.5109,False
50,False,0.8,0.25,0.01,7129,3589,3540,0.5034,-1000.53,-1.0005,1.0005,-984.13,-967.18,0.5031,0.5097,False
100,True,0.8,0.35,0.03,4404,2173,2231,0.4934,-1000.53,-1.0005,1.0005,-774.37,-837.73,0.4951,0.4845,False
100,False,0.8,0.25,0.01,7129,3589,3540,0.5034,-1000.53,-1.0005,1.0005,-984.13,-967.18,0.5031,0.5097,False
150,False,0.8,0.25,0.01,7129,3589,3540,0.5034,-1000.53,-1.0005,1.0005,-984.13,-967.18,0.5031,0.5097,False
200,False,0.8,0.25,0.01,7129,3589,3540,0.5034,-1000.53,-1.0005,1.0005,-984.13,-967.18,0.5031,0.5097,False
150,True,0.87,0.25,0.01,6158,2994,3164,0.4862,-1000.54,-1.0005,1.0005,-599.53,-684.58,0.4896,0.4826,False
50,True,0.8,0.15,0.03,5082,2472,2610,0.4864,-1000.55,-1.0006,1.0006,-642.3,-619.24,0.49,0.4802,False
50,False,0.85,0.25,0.01,9898,5024,4874,0.5076,-1000.57,-1.0006,1.0006,-870.92,-921.98,0.5031,0.5097,False
50,False,0.87,0.15,0.02,10342,5249,5093,0.5075,-1000.57,-1.0006,1.0006,-865.84,-912.72,0.5031,0.5097,False
100,False,0.85,0.25,0.01,9898,5024,4874,0.5076,-1000.57,-1.0006,1.0006,-870.92,-921.98,0.5031,0.5097,False
100,False,0.87,0.15,0.02,10342,5249,5093,0.5075,-1000.57,-1.0006,1.0006,-865.84,-912.72,0.5031,0.5097,False
150,False,0.85,0.25,0.01,9898,5024,4874,0.5076,-1000.57,-1.0006,1.0006,-870.92,-921.98,0.5031,0.5097,False
150,False,0.87,0.15,0.02,10342,5249,5093,0.5075,-1000.57,-1.0006,1.0006,-865.84,-912.72,0.5031,0.5097,False
200,True,0.87,0.35,0.01,6062,2958,3104,0.488,-1000.57,-1.0006,1.0006,-659.68,-738.98,0.4898,0.4833,False
200,False,0.85,0.25,0.01,9898,5024,4874,0.5076,-1000.57,-1.0006,1.0006,-870.92,-921.98,0.5031,0.5097,False
200,False,0.87,0.15,0.02,10342,5249,5093,0.5075,-1000.57,-1.0006,1.0006,-865.84,-912.72,0.5031,0.5097,False
50,True,0.87,0.15,0.02,5372,2606,2766,0.4851,-1000.58,-1.0006,1.0006,-655.66,-635.37,0.49,0.4802,False
150,True,0.87,0.35,0.01,6098,2970,3128,0.487,-1000.58,-1.0006,1.0006,-622.6,-696.11,0.4896,0.4826,False
150,True,0.87,0.35,0.03,4145,2041,2104,0.4924,-1000.58,-1.0006,1.0006,-908.37,-942.86,0.4896,0.4826,False
50,False,0.87,0.35,0.01,10471,5311,5160,0.5072,-1000.59,-1.0006,1.0006,-861.62,-913.37,0.5031,0.5097,False
100,False,0.87,0.35,0.01,10471,5311,5160,0.5072,-1000.59,-1.0006,1.0006,-861.62,-913.37,0.5031,0.5097,False
150,False,0.87,0.35,0.01,10471,5311,5160,0.5072,-1000.59,-1.0006,1.0006,-861.62,-913.37,0.5031,0.5097,False
200,False,0.87,0.35,0.01,10471,5311,5160,0.5072,-1000.59,-1.0006,1.0006,-861.62,-913.37,0.5031,0.5097,False
50,True,0.87,0.25,0.02,4642,2266,2376,0.4882,-1000.6,-1.0006,1.0006,-762.25,-749.94,0.49,0.4802,False
50,True,0.85,0.15,0.03,5097,2478,2619,0.4862,-1000.62,-1.0006,1.0006,-683.88,-644.63,0.49,0.4802,False
200,True,0.87,0.25,0.03,4448,2184,2264,0.491,-1000.62,-1.0006,1.0006,-872.46,-855.2,0.4898,0.4833,False
50,False,0.85,0.25,0.02,6648,3341,3307,0.5026,-1000.63,-1.0006,1.0006,-1000.63,-1000.11,0.5026,0.5094,False
100,False,0.85,0.25,0.02,6648,3341,3307,0.5026,-1000.63,-1.0006,1.0006,-1000.63,-1000.11,0.5026,0.5094,False
150,False,0.85,0.25,0.02,6648,3341,3307,0.5026,-1000.63,-1.0006,1.0006,-1000.63,-1000.11,0.5026,0.5094,False
200,True,0.8,0.35,0.03,3597,1764,1833,0.4904,-1000.63,-1.0006,1.0006,-946.19,-806.65,0.4898,0.4833,False
200,False,0.85,0.25,0.02,6648,3341,3307,0.5026,-1000.63,-1.0006,1.0006,-1000.63,-1000.11,0.5026,0.5094,False
100,True,0.87,0.35,0.02,5017,2473,2544,0.4929,-1000.64,-1.0006,1.0006,-719.86,-873.42,0.4951,0.4845,False
50,True,0.85,0.15,0.02,5267,2559,2708,0.4859,-1000.65,-1.0007,1.0007,-658.2,-633.31,0.49,0.4802,False
50,False,0.8,0.25,0.03,5939,2994,2945,0.5041,-1000.65,-1.0007,1.0007,-1000.65,-1000.25,0.5041,0.5132,False
100,False,0.8,0.25,0.03,5939,2994,2945,0.5041,-1000.65,-1.0007,1.0007,-1000.65,-1000.25,0.5041,0.5132,False
150,False,0.8,0.25,0.03,5939,2994,2945,0.5041,-1000.65,-1.0007,1.0007,-1000.65,-1000.25,0.5041,0.5132,False
200,False,0.8,0.25,0.03,5939,2994,2945,0.5041,-1000.65,-1.0007,1.0007,-1000.65,-1000.25,0.5041,0.5132,False
150,True,0.85,0.35,0.03,4064,2002,2062,0.4926,-1000.66,-1.0007,1.0007,-911.05,-922.91,0.4896,0.4826,False
200,True,0.85,0.35,0.03,4108,2024,2084,0.4927,-1000.66,-1.0007,1.0007,-919.83,-909.56,0.4898,0.4833,False
200,True,0.87,0.35,0.02,4632,2267,2365,0.4894,-1000.66,-1.0007,1.0007,-825.97,-883.58,0.4898,0.4833,False
100,True,0.87,0.35,0.03,4416,2179,2237,0.4934,-1000.68,-1.0007,1.0007,-799.2,-927.63,0.4951,0.4845,False
200,True,0.87,0.35,0.03,4196,2063,2133,0.4917,-1000.69,-1.0007,1.0007,-907.94,-936.54,0.4898,0.4833,False
50,False,0.85,0.25,0.03,6244,3142,3102,0.5032,-1000.71,-1.0007,1.0007,-1000.71,-1000.47,0.5032,0.5109,False
100,False,0.85,0.25,0.03,6244,3142,3102,0.5032,-1000.71,-1.0007,1.0007,-1000.71,-1000.47,0.5032,0.5109,False
150,False,0.85,0.25,0.03,6244,3142,3102,0.5032,-1000.71,-1.0007,1.0007,-1000.71,-1000.47,0.5032,0.5109,False
200,True,0.85,0.15,0.02,5246,2558,2688,0.4876,-1000.71,-1.0007,1.0007,-739.21,-663.53,0.4898,0.4833,False
200,False,0.85,0.25,0.03,6244,3142,3102,0.5032,-1000.71,-1.0007,1.0007,-1000.71,-1000.47,0.5032,0.5109,False
150,True,0.8,0.35,0.01,5224,2551,2673,0.4883,-1000.72,-1.0007,1.0007,-692.54,-643.67,0.4896,0.4826,False
200,True,0.8,0.35,0.02,4397,2162,2235,0.4917,-1000.72,-1.0007,1.0007,-845.07,-760.34,0.4898,0.4833,False
50,False,0.8,0.15,0.03,6850,3441,3409,0.5023,-1000.73,-1.0007,1.0007,-1000.73,-1000.66,0.5023,0.5096,False
50,False,0.85,0.35,0.02,6230,3135,3095,0.5032,-1000.73,-1.0007,1.0007,-1000.73,-1000.7,0.5032,0.5107,False
100,False,0.8,0.15,0.03,6850,3441,3409,0.5023,-1000.73,-1.0007,1.0007,-1000.73,-1000.66,0.5023,0.5096,False
100,False,0.85,0.35,0.02,6230,3135,3095,0.5032,-1000.73,-1.0007,1.0007,-1000.73,-1000.7,0.5032,0.5107,False
150,False,0.8,0.15,0.03,6850,3441,3409,0.5023,-1000.73,-1.0007,1.0007,-1000.73,-1000.66,0.5023,0.5096,False
150,False,0.85,0.35,0.02,6230,3135,3095,0.5032,-1000.73,-1.0007,1.0007,-1000.73,-1000.7,0.5032,0.5107,False
200,False,0.8,0.15,0.03,6850,3441,3409,0.5023,-1000.73,-1.0007,1.0007,-1000.73,-1000.66,0.5023,0.5096,False
200,False,0.85,0.35,0.02,6230,3135,3095,0.5032,-1000.73,-1.0007,1.0007,-1000.73,-1000.7,0.5032,0.5107,False
50,False,0.87,0.25,0.02,7278,3662,3616,0.5032,-1000.74,-1.0007,1.0007,-979.69,-1000.45,0.5031,0.5092,False
100,True,0.8,0.25,0.02,5197,2552,2645,0.4911,-1000.74,-1.0007,1.0007,-652.03,-722.57,0.4951,0.4845,False
100,False,0.87,0.25,0.02,7278,3662,3616,0.5032,-1000.74,-1.0007,1.0007,-979.69,-1000.45,0.5031,0.5092,False
150,False,0.87,0.25,0.02,7278,3662,3616,0.5032,-1000.74,-1.0007,1.0007,-979.69,-1000.45,0.5031,0.5092,False
200,True,0.8,0.25,0.02,4537,2229,2308,0.4913,-1000.74,-1.0007,1.0007,-825.03,-707.89,0.4898,0.4833,False
200,False,0.87,0.25,0.02,7278,3662,3616,0.5032,-1000.74,-1.0007,1.0007,-979.69,-1000.45,0.5031,0.5092,False
200,True,0.8,0.25,0.03,4106,2024,2082,0.4929,-1000.76,-1.0008,1.0008,-899.27,-733.56,0.4898,0.4833,False
50,False,0.85,0.15,0.02,9577,4872,4705,0.5087,-1000.78,-1.0008,1.0008,-903.3,-945.43,0.5031,0.5097,False
100,False,0.85,0.15,0.02,9577,4872,4705,0.5087,-1000.78,-1.0008,1.0008,-903.3,-945.43,0.5031,0.5097,False
150,True,0.85,0.25,0.03,4424,2172,2252,0.491,-1000.78,-1.0008,1.0008,-850.59,-852.5,0.4896,0.4826,False
150,False,0.85,0.15,0.02,9577,4872,4705,0.5087,-1000.78,-1.0008,1.0008,-903.3,-945.43,0.5031,0.5097,False
200,True,0.8,0.15,0.02,4834,2356,2478,0.4874,-1000.78,-1.0008,1.0008,-752.92,-619.43,0.4898,0.4833,False
200,False,0.85,0.15,0.02,9577,4872,4705,0.5087,-1000.78,-1.0008,1.0008,-903.3,-945.43,0.5031,0.5097,False
50,False,0.85,0.35,0.01,9877,5017,4860,0.5079,-1000.91,-1.0009,1.0009,-881.13,-940.08,0.5031,0.5097,False
100,False,0.85,0.35,0.01,9877,5017,4860,0.5079,-1000.91,-1.0009,1.0009,-881.13,-940.08,0.5031,0.5097,False
150,False,0.85,0.35,0.01,9877,5017,4860,0.5079,-1000.91,-1.0009,1.0009,-881.13,-940.08,0.5031,0.5097,False
200,False,0.85,0.35,0.01,9877,5017,4860,0.5079,-1000.91,-1.0009,1.0009,-881.13,-940.08,0.5031,0.5097,False
50,True,0.87,0.25,0.03,4106,2005,2101,0.4883,-1000.92,-1.0009,1.0009,-824.18,-797.3,0.49,0.4802,False
150,True,0.87,0.25,0.03,4487,2199,2288,0.4901,-1000.92,-1.0009,1.0009,-841.51,-865.56,0.4896,0.4826,False
150,True,0.85,0.35,0.02,4486,2199,2287,0.4902,-1000.93,-1.0009,1.0009,-826.18,-864.98,0.4896,0.4826,False
100,True,0.87,0.25,0.02,5489,2699,2790,0.4917,-1000.95,-1.001,1.0009,-662.3,-816.04,0.4951,0.4845,False
50,False,0.87,0.25,0.03,6595,3317,3278,0.503,-1000.96,-1.001,1.001,-1000.96,-1000.33,0.503,0.51,False
100,False,0.87,0.25,0.03,6595,3317,3278,0.503,-1000.96,-1.001,1.001,-1000.96,-1000.33,0.503,0.51,False
150,False,0.87,0.25,0.03,6595,3317,3278,0.503,-1000.96,-1.001,1.001,-1000.96,-1000.33,0.503,0.51,False
200,True,0.85,0.25,0.03,4279,2103,2176,0.4915,-1000.96,-1.001,1.001,-888.59,-822.7,0.4898,0.4833,False
200,False,0.87,0.25,0.03,6595,3317,3278,0.503,-1000.96,-1.001,1.001,-1000.96,-1000.33,0.503,0.51,False
50,False,0.8,0.15,0.02,7191,3620,3571,0.5034,-1000.97,-1.001,1.001,-978.37,-1000.39,0.5031,0.5093,False
100,False,0.8,0.15,0.02,7191,3620,3571,0.5034,-1000.97,-1.001,1.001,-978.37,-1000.39,0.5031,0.5093,False
150,False,0.8,0.15,0.02,7191,3620,3571,0.5034,-1000.97,-1.001,1.001,-978.37,-1000.39,0.5031,0.5093,False
200,False,0.8,0.15,0.02,7191,3620,3571,0.5034,-1000.97,-1.001,1.001,-978.37,-1000.39,0.5031,0.5093,False
200,True,0.85,0.15,0.03,4977,2426,2551,0.4874,-1000.98,-1.001,1.001,-766.79,-682.45,0.4898,0.4833,False
200,True,0.85,0.25,0.02,4734,2310,2424,0.488,-1000.98,-1.001,1.001,-789.8,-790.55,0.4898,0.4833,False
200,True,0.87,0.25,0.01,6246,3045,3201,0.4875,-1000.98,-1.001,1.001,-630.2,-706.12,0.4898,0.4833,False
